Player,Game,Team,Kills,Deaths,Damage
0,0,0,17.0,18.0,2465.0
2,0,0,17.0,26.0,2007.0
4,0,0,12.0,23.0,1880.0
1,0,0,21.0,25.0,2933.0
5,0,1,26.0,18.0,2752.0
6,0,1,23.0,19.0,2760.0
8,0,1,15.0,12.0,1972.0
7,0,1,28.0,18.0,3184.0
0,1,0,10.0,4.0,1284.0
2,1,0,6.0,4.0,745.0
4,1,0,9.0,5.0,943.0
1,1,0,3.0,5.0,420.0
5,1,1,4.0,6.0,702.0
6,1,1,4.0,7.0,499.0
8,1,1,3.0,6.0,558.0
7,1,1,7.0,9.0,1158.0
0,2,0,14.0,11.0,1508.0
2,2,0,23.0,20.0,2779.0
4,2,0,17.0,16.0,2249.0
1,2,0,21.0,12.0,2530.0
5,2,1,11.0,16.0,1919.0
6,2,1,17.0,20.0,1880.0
8,2,1,18.0,15.0,2415.0
7,2,1,13.0,24.0,1832.0
0,3,0,27.0,19.0,3236.0
2,3,0,25.0,25.0,3086.0
4,3,0,15.0,24.0,2029.0
1,3,0,19.0,20.0,2266.0
5,3,1,23.0,22.0,2176.0
6,3,1,23.0,23.0,2585.0
8,3,1,20.0,21.0,2478.0
7,3,1,22.0,20.0,2971.0
11,4,2,19.0,20.0,2330.0
9,4,2,27.0,17.0,2946.0
12,4,2,15.0,20.0,2067.0
10,4,2,21.0,21.0,2765.0
13,4,3,23.0,18.0,2402.0
14,4,3,15.0,24.0,2092.0
15,4,3,23.0,21.0,2974.0
16,4,3,17.0,19.0,2191.0
11,5,2,5.0,6.0,544.0
9,5,2,2.0,5.0,219.0
12,5,2,2.0,5.0,310.0
10,5,2,2.0,6.0,409.0
13,5,3,7.0,4.0,847.0
14,5,3,5.0,3.0,672.0
15,5,3,6.0,2.0,743.0
16,5,3,4.0,2.0,401.0
11,6,2,22.0,26.0,3393.0
9,6,2,28.0,20.0,3069.0
12,6,2,17.0,20.0,2235.0
10,6,2,29.0,32.0,3356.0
13,6,3,26.0,23.0,3130.0
14,6,3,24.0,21.0,3496.0
15,6,3,24.0,26.0,2955.0
16,6,3,24.0,26.0,3085.0
17,8,4,14.0,22.0,1711.0
18,8,4,21.0,21.0,2790.0
19,8,4,23.0,20.0,2752.0
20,8,4,21.0,18.0,2386.0
21,8,5,20.0,21.0,2519.0
22,8,5,22.0,21.0,2852.0
23,8,5,18.0,14.0,2005.0
24,8,5,21.0,23.0,2247.0
17,9,4,8.0,3.0,741.0
18,9,4,7.0,4.0,844.0
19,9,4,7.0,5.0,849.0
20,9,4,3.0,3.0,407.0
21,9,5,5.0,6.0,855.0
22,9,5,2.0,7.0,362.0
23,9,5,4.0,6.0,611.0
24,9,5,4.0,6.0,528.0
17,10,4,12.0,14.0,1485.0
18,10,4,12.0,16.0,1672.0
19,10,4,11.0,21.0,1577.0
20,10,4,12.0,16.0,1543.0
21,10,5,16.0,15.0,1704.0
22,10,5,21.0,10.0,2584.0
23,10,5,12.0,10.0,1472.0
24,10,5,18.0,12.0,2121.0
17,11,4,24.0,24.0,2912.0
18,11,4,21.0,21.0,2871.0
19,11,4,19.0,23.0,2470.0
20,11,4,19.0,19.0,2314.0
21,11,5,30.0,18.0,3368.0
22,11,5,23.0,22.0,2662.0
23,11,5,15.0,20.0,1782.0
24,11,5,19.0,23.0,2620.0
25,12,6,15.0,21.0,1832.0
26,12,6,15.0,19.0,1657.0
27,12,6,15.0,20.0,1808.0
28,12,6,12.0,20.0,1665.0
29,12,7,24.0,10.0,3014.0
30,12,7,22.0,17.0,2732.0
31,12,7,21.0,15.0,2478.0
32,12,7,13.0,15.0,1331.0
25,13,6,12.0,7.0,1637.0
26,13,6,8.0,9.0,1057.0
27,13,6,6.0,8.0,707.0
28,13,6,6.0,10.0,1153.0
29,13,7,16.0,7.0,2094.0
30,13,7,6.0,9.0,652.0
31,13,7,4.0,8.0,1366.0
32,13,7,8.0,8.0,924.0
25,14,6,18.0,30.0,2591.0
26,14,6,24.0,27.0,2787.0
27,14,6,20.0,20.0,2496.0
28,14,6,33.0,25.0,3509.0
29,14,7,35.0,21.0,3835.0
30,14,7,26.0,25.0,3230.0
31,14,7,16.0,25.0,2540.0
32,14,7,25.0,24.0,3234.0
25,15,6,16.0,17.0,1851.0
26,15,6,12.0,21.0,1416.0
27,15,6,9.0,21.0,1263.0
28,15,6,16.0,20.0,1901.0
29,15,7,30.0,12.0,3011.0
30,15,7,22.0,11.0,2366.0
31,15,7,14.0,15.0,1908.0
32,15,7,13.0,15.0,1697.0
25,16,6,7.0,4.0,525.0
26,16,6,8.0,3.0,1008.0
27,16,6,4.0,5.0,729.0
28,16,6,8.0,5.0,717.0
29,16,7,3.0,7.0,525.0
30,16,7,5.0,7.0,842.0
31,16,7,8.0,6.0,946.0
32,16,7,1.0,7.0,100.0
13,17,3,18.0,23.0,2420.0
14,17,3,19.0,17.0,2060.0
15,17,3,18.0,25.0,2862.0
16,17,3,19.0,19.0,2341.0
33,17,8,13.0,18.0,1576.0
34,17,8,17.0,14.0,2276.0
35,17,8,31.0,21.0,3135.0
36,17,8,23.0,21.0,3109.0
13,18,3,11.0,5.0,1547.0
14,18,3,2.0,9.0,554.0
15,18,3,7.0,8.0,1132.0
16,18,3,10.0,8.0,1272.0
33,18,8,6.0,6.0,765.0
34,18,8,6.0,9.0,707.0
35,18,8,11.0,8.0,1502.0
36,18,8,7.0,7.0,763.0
13,19,3,32.0,24.0,3481.0
14,19,3,28.0,22.0,3214.0
15,19,3,16.0,25.0,2574.0
16,19,3,26.0,24.0,3346.0
33,19,8,24.0,24.0,3111.0
34,19,8,23.0,21.0,2885.0
35,19,8,28.0,26.0,3204.0
36,19,8,20.0,31.0,2755.0
13,20,3,28.0,22.0,3642.0
14,20,3,27.0,15.0,3261.0
15,20,3,22.0,30.0,2617.0
16,20,3,28.0,26.0,3402.0
33,20,8,15.0,24.0,2014.0
34,20,8,25.0,27.0,3294.0
35,20,8,25.0,27.0,3273.0
36,20,8,28.0,27.0,3534.0
37,21,9,26.0,21.0,3162.0
38,21,9,18.0,23.0,2079.0
39,21,9,25.0,32.0,3220.0
40,21,9,31.0,25.0,3454.0
41,21,10,28.0,26.0,3296.0
42,21,10,26.0,25.0,2923.0
43,21,10,30.0,23.0,3437.0
44,21,10,17.0,26.0,2434.0
37,22,9,3.0,7.0,614.0
38,22,9,4.0,8.0,560.0
39,22,9,6.0,7.0,816.0
40,22,9,5.0,6.0,440.0
41,22,10,8.0,5.0,1019.0
42,22,10,6.0,5.0,572.0
43,22,10,9.0,4.0,1028.0
44,22,10,5.0,4.0,774.0
37,23,9,13.0,15.0,1506.0
38,23,9,12.0,20.0,1679.0
39,23,9,19.0,24.0,2193.0
40,23,9,19.0,19.0,2322.0
41,23,10,16.0,17.0,2130.0
42,23,10,15.0,14.0,1935.0
43,23,10,27.0,16.0,2885.0
44,23,10,20.0,16.0,2349.0
29,24,7,25.0,22.0,3315.0
30,24,7,20.0,29.0,3177.0
31,24,7,22.0,24.0,2545.0
32,24,7,24.0,21.0,2439.0
0,24,0,32.0,23.0,4091.0
2,24,0,20.0,26.0,2273.0
4,24,0,29.0,25.0,3054.0
1,24,0,15.0,17.0,1649.0
29,25,7,6.0,10.0,921.0
30,25,7,11.0,6.0,1258.0
31,25,7,3.0,9.0,639.0
32,25,7,6.0,9.0,923.0
0,25,0,12.0,7.0,1393.0
2,25,0,8.0,7.0,952.0
4,25,0,10.0,6.0,1383.0
1,25,0,4.0,6.0,876.0
29,26,7,21.0,25.0,3095.0
30,26,7,26.0,28.0,3066.0
31,26,7,25.0,19.0,2853.0
32,26,7,28.0,21.0,3438.0
0,26,0,11.0,25.0,1537.0
2,26,0,30.0,26.0,3847.0
4,26,0,27.0,31.0,3991.0
1,26,0,25.0,18.0,2956.0
29,27,7,28.0,32.0,3064.0
30,27,7,25.0,28.0,3665.0
31,27,7,15.0,31.0,1925.0
32,27,7,27.0,22.0,3055.0
0,27,0,30.0,17.0,2934.0
2,27,0,30.0,27.0,3157.0
4,27,0,25.0,28.0,3196.0
1,27,0,28.0,23.0,3785.0
45,28,11,25.0,23.0,3257.0
46,28,11,28.0,26.0,3097.0
47,28,11,26.0,31.0,3138.0
48,28,11,26.0,20.0,2766.0
17,28,4,25.0,20.0,2387.0
18,28,4,28.0,27.0,3533.0
19,28,4,23.0,27.0,2781.0
20,28,4,24.0,31.0,3256.0
45,29,11,4.0,4.0,515.0
46,29,11,10.0,5.0,1121.0
47,29,11,5.0,5.0,528.0
48,29,11,8.0,4.0,908.0
17,29,4,4.0,7.0,686.0
18,29,4,4.0,6.0,596.0
19,29,4,5.0,7.0,752.0
20,29,4,5.0,7.0,634.0
45,30,11,14.0,21.0,2296.0
46,30,11,25.0,25.0,3473.0
47,30,11,26.0,24.0,3551.0
48,30,11,28.0,21.0,3147.0
17,30,4,19.0,29.0,2461.0
18,30,4,30.0,20.0,3684.0
19,30,4,29.0,25.0,3831.0
20,30,4,13.0,19.0,2190.0
45,31,11,28.0,17.0,3140.0
46,31,11,18.0,25.0,2167.0
47,31,11,17.0,25.0,2395.0
48,31,11,23.0,15.0,2809.0
17,31,4,22.0,24.0,1990.0
18,31,4,24.0,20.0,3238.0
19,31,4,20.0,19.0,2843.0
20,31,4,16.0,24.0,2568.0
45,32,11,6.0,7.0,989.0
46,32,11,9.0,8.0,1114.0
47,32,11,9.0,7.0,1129.0
48,32,11,8.0,8.0,1080.0
17,32,4,3.0,9.0,634.0
18,32,4,8.0,7.0,995.0
19,32,4,11.0,7.0,1431.0
20,32,4,8.0,9.0,1030.0
25,33,6,23.0,19.0,2693.0
26,33,6,20.0,22.0,2335.0
27,33,6,11.0,17.0,1740.0
28,33,6,15.0,14.0,1879.0
41,33,10,15.0,18.0,1949.0
42,33,10,19.0,16.0,1918.0
43,33,10,20.0,20.0,2398.0
44,33,10,18.0,15.0,2328.0
25,34,6,1.0,7.0,598.0
26,34,6,2.0,7.0,466.0
27,34,6,5.0,7.0,700.0
28,34,6,4.0,7.0,558.0
41,34,10,7.0,2.0,1144.0
42,34,10,4.0,4.0,646.0
43,34,10,9.0,4.0,901.0
44,34,10,8.0,2.0,904.0
25,35,6,15.0,19.0,2180.0
26,35,6,13.0,19.0,1876.0
27,35,6,12.0,18.0,1517.0
28,35,6,12.0,18.0,1549.0
41,35,10,19.0,10.0,2285.0
42,35,10,16.0,9.0,1977.0
43,35,10,15.0,20.0,2047.0
44,35,10,24.0,14.0,2616.0
25,36,6,20.0,24.0,3103.0
26,36,6,18.0,18.0,2225.0
27,36,6,20.0,20.0,2457.0
28,36,6,23.0,19.0,2588.0
41,36,10,24.0,21.0,2629.0
42,36,10,23.0,16.0,2484.0
43,36,10,18.0,25.0,2531.0
44,36,10,16.0,19.0,2382.0
25,37,6,6.0,7.0,854.0
26,37,6,2.0,6.0,354.0
27,37,6,5.0,6.0,981.0
28,37,6,1.0,7.0,178.0
41,37,10,8.0,3.0,861.0
42,37,10,3.0,3.0,289.0
43,37,10,8.0,5.0,939.0
44,37,10,7.0,3.0,897.0
11,38,2,19.0,29.0,2320.0
9,38,2,21.0,17.0,2813.0
12,38,2,24.0,17.0,3015.0
10,38,2,26.0,17.0,2756.0
45,38,11,22.0,19.0,2401.0
46,38,11,14.0,28.0,1956.0
47,38,11,21.0,23.0,2566.0
48,38,11,23.0,20.0,2956.0
11,39,2,9.0,6.0,1022.0
9,39,2,11.0,6.0,1489.0
12,39,2,5.0,5.0,1029.0
10,39,2,3.0,7.0,411.0
45,39,11,6.0,7.0,650.0
46,39,11,4.0,8.0,448.0
47,39,11,9.0,6.0,1043.0
48,39,11,5.0,7.0,679.0
11,40,2,20.0,15.0,2431.0
9,40,2,18.0,17.0,2383.0
12,40,2,16.0,12.0,1878.0
10,40,2,18.0,14.0,1835.0
45,40,11,20.0,21.0,2561.0
46,40,11,11.0,21.0,1794.0
47,40,11,13.0,17.0,1606.0
48,40,11,14.0,13.0,1968.0
5,41,1,20.0,19.0,2428.0
6,41,1,29.0,20.0,2889.0
8,41,1,30.0,14.0,3400.0
7,41,1,19.0,21.0,2595.0
21,41,5,19.0,22.0,2325.0
22,41,5,19.0,29.0,2426.0
23,41,5,18.0,21.0,2438.0
24,41,5,18.0,26.0,2051.0
5,42,1,9.0,7.0,1213.0
6,42,1,13.0,7.0,1622.0
8,42,1,5.0,8.0,862.0
7,42,1,5.0,8.0,711.0
21,42,5,8.0,8.0,950.0
22,42,5,9.0,8.0,1197.0
23,42,5,5.0,8.0,780.0
24,42,5,8.0,8.0,982.0
5,43,1,29.0,22.0,3618.0
6,43,1,29.0,24.0,3702.0
8,43,1,27.0,17.0,3327.0
7,43,1,20.0,28.0,2617.0
21,43,5,22.0,24.0,3104.0
22,43,5,20.0,28.0,2595.0
23,43,5,30.0,22.0,3484.0
24,43,5,19.0,31.0,2691.0
5,44,1,20.0,22.0,2554.0
6,44,1,11.0,21.0,1505.0
8,44,1,22.0,18.0,2416.0
7,44,1,21.0,23.0,2434.0
21,44,5,19.0,22.0,2616.0
22,44,5,16.0,17.0,1767.0
23,44,5,19.0,16.0,2336.0
24,44,5,30.0,19.0,3445.0
5,45,1,7.0,4.0,808.0
6,45,1,5.0,7.0,983.0
8,45,1,9.0,4.0,1000.0
7,45,1,9.0,6.0,849.0
21,45,5,5.0,9.0,606.0
22,45,5,7.0,5.0,1177.0
23,45,5,6.0,8.0,831.0
24,45,5,3.0,8.0,518.0
33,46,8,20.0,18.0,2147.0
34,46,8,13.0,23.0,1737.0
35,46,8,22.0,22.0,2893.0
36,46,8,21.0,24.0,2579.0
37,46,9,17.0,16.0,2017.0
38,46,9,27.0,18.0,2828.0
39,46,9,17.0,20.0,2388.0
40,46,9,26.0,22.0,2842.0
33,47,8,8.0,6.0,1156.0
34,47,8,7.0,4.0,842.0
35,47,8,4.0,5.0,770.0
36,47,8,9.0,7.0,1407.0
37,47,9,4.0,8.0,731.0
38,47,9,3.0,8.0,587.0
39,47,9,8.0,6.0,1089.0
40,47,9,7.0,6.0,701.0
33,48,8,16.0,12.0,2031.0
34,48,8,16.0,12.0,1832.0
35,48,8,13.0,11.0,1989.0
36,48,8,17.0,15.0,2455.0
37,48,9,14.0,10.0,1845.0
38,48,9,9.0,18.0,1402.0
39,48,9,14.0,19.0,2035.0
40,48,9,13.0,15.0,1518.0
33,49,8,23.0,12.0,2726.0
34,49,8,18.0,17.0,2561.0
35,49,8,21.0,19.0,2566.0
36,49,8,17.0,19.0,2237.0
37,49,9,12.0,20.0,1992.0
38,49,9,20.0,18.0,2412.0
39,49,9,17.0,20.0,2003.0
40,49,9,18.0,22.0,1884.0
29,50,7,14.0,10.0,1715.0
30,50,7,28.0,10.0,2918.0
31,50,7,13.0,8.0,1248.0
32,50,7,18.0,15.0,2191.0
41,50,10,14.0,17.0,1774.0
42,50,10,8.0,17.0,1323.0
43,50,10,9.0,20.0,1149.0
44,50,10,12.0,19.0,1525.0
29,51,7,6.0,9.0,776.0
30,51,7,6.0,8.0,952.0
31,51,7,7.0,8.0,1037.0
32,51,7,4.0,7.0,845.0
41,51,10,7.0,8.0,1012.0
42,51,10,11.0,3.0,1493.0
43,51,10,6.0,7.0,950.0
44,51,10,8.0,5.0,847.0
29,52,7,31.0,28.0,3848.0
30,52,7,27.0,26.0,3178.0
31,52,7,22.0,28.0,2937.0
32,52,7,20.0,28.0,2445.0
41,52,10,33.0,33.0,4027.0
42,52,10,25.0,17.0,2838.0
43,52,10,20.0,27.0,2920.0
44,52,10,32.0,23.0,3249.0
29,53,7,26.0,23.0,3361.0
30,53,7,23.0,20.0,2497.0
31,53,7,18.0,20.0,2257.0
32,53,7,19.0,24.0,2318.0
41,53,10,26.0,25.0,2803.0
42,53,10,19.0,20.0,2272.0
43,53,10,22.0,18.0,2550.0
44,53,10,20.0,23.0,2523.0
45,54,11,23.0,20.0,2697.0
46,54,11,18.0,22.0,2249.0
47,54,11,26.0,23.0,3183.0
48,54,11,13.0,21.0,1644.0
13,54,3,26.0,23.0,3166.0
14,54,3,25.0,19.0,2800.0
15,54,3,12.0,18.0,1710.0
16,54,3,23.0,20.0,3219.0
45,55,11,2.0,8.0,531.0
46,55,11,5.0,6.0,688.0
47,55,11,10.0,7.0,1409.0
48,55,11,4.0,8.0,657.0
13,55,3,7.0,4.0,741.0
14,55,3,10.0,4.0,1240.0
15,55,3,5.0,7.0,956.0
16,55,3,7.0,6.0,667.0
45,56,11,17.0,16.0,2380.0
46,56,11,15.0,23.0,2068.0
47,56,11,22.0,26.0,2383.0
48,56,11,17.0,28.0,2363.0
13,56,3,26.0,19.0,2671.0
14,56,3,22.0,15.0,2639.0
15,56,3,20.0,20.0,2560.0
16,56,3,25.0,17.0,3342.0
45,57,11,28.0,25.0,3472.0
46,57,11,13.0,28.0,1930.0
47,57,11,22.0,26.0,2747.0
48,57,11,18.0,23.0,2325.0
13,57,3,29.0,18.0,3037.0
14,57,3,22.0,19.0,2692.0
15,57,3,23.0,24.0,2850.0
16,57,3,28.0,20.0,3123.0
37,58,9,20.0,12.0,2482.0
38,58,9,16.0,13.0,2098.0
39,58,9,21.0,20.0,2769.0
40,58,9,23.0,18.0,2442.0
25,58,6,14.0,17.0,2569.0
26,58,6,21.0,25.0,2128.0
27,58,6,14.0,18.0,1937.0
28,58,6,14.0,20.0,1729.0
37,59,9,7.0,5.0,885.0
38,59,9,8.0,6.0,1198.0
39,59,9,12.0,5.0,1452.0
40,59,9,7.0,7.0,856.0
25,59,6,4.0,9.0,595.0
26,59,6,7.0,9.0,768.0
27,59,6,5.0,8.0,717.0
28,59,6,7.0,8.0,911.0
37,60,9,19.0,7.0,2290.0
38,60,9,17.0,13.0,1961.0
39,60,9,18.0,13.0,2219.0
40,60,9,18.0,13.0,2290.0
25,60,6,14.0,18.0,2262.0
26,60,6,14.0,19.0,1493.0
27,60,6,7.0,16.0,1436.0
28,60,6,11.0,19.0,1214.0
33,61,8,15.0,16.0,2874.0
34,61,8,22.0,16.0,2364.0
35,61,8,24.0,22.0,2687.0
36,61,8,7.0,25.0,1352.0
5,61,1,19.0,15.0,2330.0
6,61,1,14.0,17.0,1676.0
8,61,1,28.0,18.0,3124.0
7,61,1,18.0,18.0,1845.0
33,62,8,4.0,7.0,758.0
34,62,8,14.0,7.0,1379.0
35,62,8,10.0,6.0,1178.0
36,62,8,6.0,8.0,1025.0
5,62,1,4.0,9.0,828.0
6,62,1,6.0,9.0,1118.0
8,62,1,8.0,8.0,903.0
7,62,1,10.0,8.0,1150.0
33,63,8,13.0,7.0,1720.0
34,63,8,21.0,14.0,2601.0
35,63,8,19.0,15.0,2117.0
36,63,8,11.0,13.0,1575.0
5,63,1,11.0,17.0,1850.0
6,63,1,10.0,17.0,1294.0
8,63,1,13.0,15.0,1910.0
7,63,1,15.0,15.0,2200.0
33,64,8,18.0,18.0,2234.0
34,64,8,22.0,20.0,2249.0
35,64,8,24.0,23.0,3492.0
36,64,8,16.0,24.0,2013.0
5,64,1,20.0,19.0,2720.0
6,64,1,14.0,19.0,2052.0
8,64,1,31.0,17.0,3352.0
7,64,1,19.0,25.0,2443.0
33,65,8,7.0,4.0,1184.0
34,65,8,5.0,5.0,932.0
35,65,8,6.0,4.0,976.0
36,65,8,8.0,4.0,936.0
5,65,1,3.0,5.0,717.0
6,65,1,5.0,7.0,905.0
8,65,1,7.0,6.0,775.0
7,65,1,2.0,8.0,628.0
5,66,1,19.0,18.0,2903.0
6,66,1,24.0,14.0,2863.0
8,66,1,19.0,19.0,2079.0
7,66,1,22.0,18.0,2485.0
17,66,4,18.0,19.0,1361.0
18,66,4,25.0,17.0,3187.0
19,66,4,16.0,24.0,2406.0
20,66,4,10.0,24.0,2304.0
5,67,1,4.0,2.0,570.0
6,67,1,8.0,1.0,802.0
8,67,1,8.0,1.0,834.0
7,67,1,3.0,3.0,378.0
17,67,4,2.0,6.0,374.0
18,67,4,2.0,6.0,284.0
19,67,4,2.0,5.0,458.0
20,67,4,1.0,6.0,344.0
5,68,1,22.0,11.0,2473.0
6,68,1,17.0,13.0,2092.0
8,68,1,13.0,8.0,1287.0
7,68,1,19.0,19.0,2551.0
17,68,4,13.0,20.0,1705.0
18,68,4,11.0,18.0,1449.0
19,68,4,14.0,19.0,1983.0
20,68,4,13.0,14.0,1897.0
11,69,2,19.0,29.0,2648.0
9,69,2,30.0,22.0,2860.0
12,69,2,17.0,24.0,2607.0
10,69,2,25.0,28.0,2546.0
41,69,10,38.0,22.0,4570.0
42,69,10,17.0,24.0,2507.0
43,69,10,17.0,20.0,1917.0
44,69,10,31.0,25.0,3677.0
11,70,2,4.0,5.0,661.0
9,70,2,8.0,2.0,840.0
12,70,2,5.0,4.0,693.0
10,70,2,8.0,6.0,1062.0
41,70,10,5.0,6.0,494.0
42,70,10,1.0,6.0,652.0
43,70,10,5.0,7.0,626.0
44,70,10,6.0,6.0,1395.0
11,71,2,26.0,25.0,3247.0
9,71,2,30.0,25.0,3569.0
12,71,2,19.0,15.0,2630.0
10,71,2,28.0,27.0,3497.0
41,71,10,31.0,26.0,3511.0
42,71,10,25.0,23.0,3343.0
43,71,10,15.0,26.0,2239.0
44,71,10,21.0,28.0,3077.0
11,72,2,20.0,28.0,3091.0
9,72,2,29.0,30.0,3328.0
12,72,2,21.0,27.0,2851.0
10,72,2,24.0,31.0,3216.0
41,72,10,35.0,26.0,3587.0
42,72,10,19.0,20.0,2172.0
43,72,10,33.0,25.0,4179.0
44,72,10,29.0,23.0,3712.0
11,73,2,7.0,2.0,762.0
9,73,2,7.0,3.0,894.0
12,73,2,3.0,4.0,571.0
10,73,2,8.0,3.0,898.0
41,73,10,2.0,7.0,529.0
42,73,10,4.0,6.0,608.0
43,73,10,3.0,6.0,421.0
44,73,10,3.0,6.0,611.0
37,74,9,20.0,22.0,2893.0
38,74,9,25.0,26.0,2615.0
39,74,9,31.0,28.0,3912.0
40,74,9,35.0,23.0,3780.0
0,74,0,26.0,25.0,2936.0
2,74,0,34.0,31.0,3532.0
4,74,0,16.0,31.0,2777.0
1,74,0,23.0,24.0,2916.0
37,75,9,9.0,8.0,1171.0
38,75,9,7.0,6.0,1218.0
39,75,9,4.0,10.0,605.0
40,75,9,6.0,10.0,782.0
0,75,0,11.0,7.0,1273.0
2,75,0,9.0,5.0,1141.0
4,75,0,3.0,9.0,607.0
1,75,0,11.0,5.0,1780.0
37,76,9,16.0,22.0,2393.0
38,76,9,23.0,23.0,2793.0
39,76,9,28.0,30.0,3353.0
40,76,9,39.0,25.0,4456.0
0,76,0,21.0,27.0,2864.0
2,76,0,27.0,29.0,3334.0
4,76,0,25.0,28.0,2958.0
1,76,0,27.0,22.0,3624.0
37,77,9,18.0,30.0,2610.0
38,77,9,26.0,23.0,3144.0
39,77,9,29.0,21.0,3061.0
40,77,9,21.0,21.0,2434.0
0,77,0,21.0,22.0,2669.0
2,77,0,24.0,29.0,3128.0
4,77,0,32.0,20.0,4155.0
1,77,0,18.0,23.0,2423.0
37,78,9,5.0,6.0,780.0
38,78,9,7.0,7.0,914.0
39,78,9,10.0,5.0,1498.0
40,78,9,7.0,4.0,608.0
0,78,0,4.0,8.0,984.0
2,78,0,6.0,7.0,580.0
4,78,0,2.0,9.0,439.0
1,78,0,10.0,5.0,1550.0
45,79,11,15.0,23.0,2088.0
46,79,11,18.0,26.0,2160.0
47,79,11,25.0,20.0,3262.0
48,79,11,17.0,22.0,2503.0
21,79,5,27.0,20.0,2958.0
22,79,5,22.0,18.0,2750.0
23,79,5,19.0,17.0,2373.0
24,79,5,23.0,20.0,2485.0
45,80,11,9.0,6.0,1095.0
46,80,11,7.0,8.0,711.0
47,80,11,6.0,7.0,1059.0
48,80,11,10.0,6.0,1271.0
21,80,5,8.0,8.0,1044.0
22,80,5,7.0,8.0,938.0
23,80,5,3.0,8.0,422.0
24,80,5,9.0,8.0,1129.0
45,81,11,15.0,15.0,2153.0
46,81,11,27.0,20.0,2951.0
47,81,11,21.0,26.0,2302.0
48,81,11,24.0,17.0,3284.0
21,81,5,20.0,22.0,2698.0
22,81,5,21.0,20.0,2630.0
23,81,5,19.0,21.0,2381.0
24,81,5,18.0,24.0,2576.0
45,82,11,39.0,18.0,3958.0
46,82,11,24.0,26.0,2973.0
47,82,11,24.0,27.0,2938.0
48,82,11,29.0,18.0,2820.0
21,82,5,26.0,27.0,2954.0
22,82,5,22.0,29.0,2350.0
23,82,5,20.0,29.0,2768.0
24,82,5,21.0,31.0,2994.0
13,83,3,35.0,29.0,3691.0
14,83,3,26.0,27.0,2999.0
15,83,3,22.0,35.0,3030.0
16,83,3,25.0,27.0,3175.0
17,83,4,33.0,26.0,4048.0
18,83,4,32.0,21.0,3934.0
19,83,4,30.0,29.0,3410.0
20,83,4,23.0,32.0,2956.0
13,84,3,6.0,7.0,823.0
14,84,3,6.0,6.0,758.0
15,84,3,9.0,7.0,1181.0
16,84,3,3.0,7.0,502.0
17,84,4,9.0,6.0,1064.0
18,84,4,5.0,6.0,761.0
19,84,4,7.0,6.0,1108.0
20,84,4,6.0,6.0,698.0
13,85,3,23.0,19.0,2696.0
14,85,3,13.0,14.0,2220.0
15,85,3,23.0,19.0,2508.0
16,85,3,19.0,22.0,2324.0
17,85,4,15.0,22.0,1933.0
18,85,4,22.0,18.0,2348.0
19,85,4,18.0,19.0,2634.0
20,85,4,19.0,19.0,2363.0
13,86,3,17.0,26.0,1830.0
14,86,3,24.0,22.0,2917.0
15,86,3,26.0,22.0,2958.0
16,86,3,19.0,22.0,2611.0
17,86,4,19.0,25.0,2579.0
18,86,4,23.0,22.0,2611.0
19,86,4,28.0,19.0,3054.0
20,86,4,22.0,20.0,2719.0
29,87,7,19.0,29.0,2647.0
30,87,7,32.0,24.0,3436.0
31,87,7,30.0,24.0,3458.0
32,87,7,30.0,28.0,3976.0
33,87,8,20.0,22.0,2759.0
34,87,8,33.0,27.0,3420.0
36,87,8,30.0,39.0,3626.0
35,87,8,22.0,23.0,2498.0
29,88,7,5.0,7.0,1040.0
30,88,7,4.0,8.0,590.0
31,88,7,7.0,7.0,1148.0
32,88,7,3.0,9.0,325.0
33,88,8,9.0,3.0,1129.0
34,88,8,8.0,5.0,724.0
36,88,8,4.0,6.0,812.0
35,88,8,10.0,5.0,1138.0
29,89,7,34.0,30.0,3798.0
30,89,7,28.0,31.0,3556.0
31,89,7,19.0,29.0,2690.0
32,89,7,23.0,33.0,3422.0
33,89,8,31.0,16.0,3441.0
34,89,8,31.0,28.0,3279.0
36,89,8,22.0,31.0,3056.0
35,89,8,39.0,29.0,4177.0
29,90,7,24.0,20.0,3151.0
30,90,7,24.0,23.0,2642.0
31,90,7,19.0,23.0,2368.0
32,90,7,18.0,26.0,2812.0
33,90,8,13.0,20.0,2314.0
34,90,8,28.0,19.0,2711.0
36,90,8,23.0,26.0,2756.0
35,90,8,28.0,20.0,3223.0
21,91,5,21.0,22.0,2434.0
22,91,5,17.0,24.0,2064.0
23,91,5,13.0,22.0,1957.0
24,91,5,24.0,23.0,2965.0
11,91,2,26.0,18.0,2554.0
9,91,2,24.0,18.0,2736.0
12,91,2,19.0,19.0,2513.0
10,91,2,20.0,20.0,2164.0
21,92,5,6.0,7.0,691.0
22,92,5,4.0,6.0,772.0
23,92,5,8.0,9.0,939.0
24,92,5,10.0,6.0,1160.0
11,92,2,6.0,9.0,619.0
9,92,2,5.0,6.0,881.0
12,92,2,9.0,6.0,1373.0
10,92,2,8.0,7.0,870.0
21,93,5,34.0,26.0,4173.0
22,93,5,28.0,33.0,3503.0
23,93,5,23.0,29.0,3143.0
24,93,5,33.0,28.0,4197.0
11,93,2,25.0,29.0,3196.0
9,93,2,33.0,31.0,3803.0
12,93,2,29.0,25.0,3931.0
10,93,2,29.0,33.0,3288.0
21,94,5,23.0,18.0,2725.0
22,94,5,21.0,18.0,2378.0
23,94,5,20.0,23.0,2228.0
24,94,5,22.0,16.0,2672.0
11,94,2,21.0,20.0,2492.0
9,94,2,17.0,21.0,2081.0
12,94,2,23.0,17.0,2850.0
10,94,2,14.0,28.0,1986.0
0,95,0,19.0,15.0,2811.0
2,95,0,21.0,14.0,2057.0
4,95,0,15.0,15.0,1837.0
1,95,0,20.0,11.0,2246.0
25,95,6,10.0,19.0,1505.0
26,95,6,16.0,17.0,1903.0
27,95,6,10.0,19.0,1350.0
28,95,6,19.0,20.0,2170.0
0,96,0,6.0,6.0,863.0
2,96,0,0.0,7.0,400.0
4,96,0,1.0,6.0,213.0
1,96,0,6.0,7.0,1153.0
25,96,6,7.0,6.0,697.0
26,96,6,6.0,2.0,639.0
27,96,6,4.0,3.0,519.0
28,96,6,9.0,2.0,1275.0
0,97,0,25.0,22.0,3342.0
2,97,0,20.0,32.0,2829.0
4,97,0,26.0,26.0,3171.0
1,97,0,21.0,18.0,2343.0
25,97,6,32.0,25.0,3969.0
26,97,6,23.0,24.0,2522.0
27,97,6,22.0,19.0,3126.0
28,97,6,21.0,24.0,2851.0
0,98,0,33.0,24.0,3680.0
2,98,0,20.0,32.0,2552.0
4,98,0,28.0,23.0,3248.0
1,98,0,16.0,21.0,2552.0
25,98,6,26.0,24.0,3223.0
26,98,6,31.0,25.0,3028.0
27,98,6,19.0,24.0,3460.0
28,98,6,24.0,24.0,2843.0
21,99,5,,,
22,99,5,,,
23,99,5,,,
24,99,5,,,
41,99,10,,,
42,99,10,,,
43,99,10,,,
44,99,10,,,
21,100,5,5.0,6.0,819.0
22,100,5,1.0,5.0,356.0
23,100,5,11.0,3.0,1157.0
24,100,5,10.0,6.0,1041.0
41,100,10,4.0,7.0,745.0
42,100,10,4.0,7.0,478.0
43,100,10,5.0,7.0,841.0
44,100,10,7.0,6.0,1297.0
21,101,5,31.0,29.0,4147.0
22,101,5,30.0,32.0,3411.0
23,101,5,26.0,24.0,2949.0
24,101,5,32.0,24.0,3767.0
41,101,10,23.0,30.0,2887.0
42,101,10,31.0,27.0,4030.0
43,101,10,31.0,31.0,3862.0
44,101,10,24.0,31.0,3033.0
11,102,2,22.0,18.0,2610.0
9,102,2,20.0,19.0,1967.0
12,102,2,18.0,17.0,2796.0
10,102,2,27.0,20.0,3435.0
45,102,11,16.0,22.0,1918.0
46,102,11,19.0,21.0,2445.0
47,102,11,21.0,26.0,2147.0
48,102,11,18.0,18.0,2516.0
11,103,2,5.0,11.0,685.0
9,103,2,7.0,9.0,1209.0
12,103,2,10.0,7.0,1235.0
10,103,2,6.0,9.0,1031.0
45,103,11,6.0,6.0,848.0
46,103,11,15.0,7.0,1321.0
47,103,11,7.0,7.0,1089.0
48,103,11,8.0,8.0,1245.0
11,104,2,22.0,19.0,3154.0
9,104,2,24.0,25.0,2531.0
12,104,2,18.0,20.0,2372.0
10,104,2,27.0,23.0,3362.0
45,104,11,20.0,21.0,3061.0
46,104,11,30.0,18.0,3363.0
47,104,11,19.0,28.0,2657.0
48,104,11,18.0,24.0,2442.0
11,105,2,17.0,20.0,2232.0
9,105,2,19.0,19.0,2236.0
12,105,2,20.0,18.0,2416.0
10,105,2,27.0,20.0,3353.0
45,105,11,22.0,19.0,2588.0
46,105,11,21.0,19.0,2375.0
47,105,11,16.0,27.0,2089.0
48,105,11,18.0,18.0,1975.0
11,106,2,12.0,6.0,1155.0
9,106,2,6.0,8.0,813.0
12,106,2,7.0,5.0,990.0
10,106,2,8.0,8.0,1038.0
45,106,11,11.0,7.0,1094.0
46,106,11,4.0,8.0,430.0
47,106,11,8.0,9.0,1399.0
48,106,11,4.0,9.0,925.0
25,107,6,17.0,22.0,2097.0
26,107,6,17.0,26.0,2182.0
27,107,6,20.0,26.0,2289.0
28,107,6,17.0,25.0,1887.0
37,107,9,21.0,19.0,2603.0
38,107,9,25.0,14.0,2771.0
39,107,9,27.0,19.0,3097.0
40,107,9,26.0,19.0,2790.0
25,108,6,9.0,7.0,893.0
26,108,6,8.0,6.0,1051.0
27,108,6,7.0,8.0,963.0
28,108,6,4.0,10.0,630.0
37,108,9,5.0,5.0,705.0
38,108,9,10.0,7.0,1391.0
39,108,9,7.0,7.0,980.0
40,108,9,9.0,9.0,1147.0
25,109,6,10.0,15.0,1307.0
26,109,6,5.0,17.0,1097.0
27,109,6,12.0,17.0,1332.0
28,109,6,7.0,15.0,1414.0
37,109,9,18.0,7.0,1935.0
38,109,9,11.0,8.0,1376.0
39,109,9,16.0,10.0,1909.0
40,109,9,19.0,9.0,1781.0
13,110,3,20.0,12.0,2253.0
14,110,3,25.0,12.0,2642.0
15,110,3,21.0,18.0,2019.0
16,110,3,22.0,19.0,3466.0
49,110,12,14.0,26.0,1968.0
50,110,12,25.0,19.0,2747.0
51,110,12,11.0,24.0,1331.0
52,110,12,11.0,19.0,1769.0
13,111,3,7.0,5.0,736.0
14,111,3,6.0,4.0,871.0
15,111,3,5.0,3.0,690.0
16,111,3,5.0,4.0,535.0
49,111,12,6.0,5.0,661.0
50,111,12,9.0,5.0,1126.0
51,111,12,0.0,6.0,320.0
52,111,12,1.0,7.0,326.0
13,112,3,17.0,11.0,2098.0
14,112,3,12.0,9.0,1735.0
15,112,3,19.0,11.0,2060.0
16,112,3,18.0,13.0,2019.0
49,112,12,12.0,16.0,1424.0
50,112,12,9.0,20.0,1254.0
51,112,12,12.0,14.0,1586.0
52,112,12,11.0,16.0,1792.0
33,113,8,27.0,25.0,3089.0
34,113,8,34.0,30.0,4232.0
35,113,8,31.0,27.0,3063.0
36,113,8,29.0,30.0,3706.0
53,113,13,28.0,39.0,3197.0
54,113,13,25.0,24.0,2838.0
55,113,13,27.0,34.0,3368.0
56,113,13,32.0,24.0,3517.0
33,114,8,5.0,7.0,729.0
34,114,8,5.0,9.0,862.0
35,114,8,4.0,9.0,429.0
36,114,8,11.0,7.0,1280.0
53,114,13,10.0,7.0,1007.0
54,114,13,9.0,5.0,1336.0
55,114,13,4.0,6.0,368.0
56,114,13,9.0,7.0,1044.0
33,115,8,16.0,22.0,2826.0
34,115,8,28.0,21.0,2723.0
35,115,8,32.0,23.0,3681.0
36,115,8,26.0,26.0,3361.0
53,115,13,22.0,32.0,2424.0
54,115,13,24.0,20.0,2591.0
55,115,13,20.0,31.0,2905.0
56,115,13,26.0,19.0,3373.0
33,116,8,15.0,12.0,1517.0
34,116,8,21.0,10.0,2307.0
35,116,8,21.0,17.0,2567.0
36,116,8,22.0,14.0,2435.0
53,116,13,16.0,24.0,2141.0
54,116,13,12.0,15.0,1358.0
55,116,13,14.0,20.0,1831.0
56,116,13,11.0,20.0,1649.0
33,117,8,10.0,4.0,1011.0
34,117,8,2.0,4.0,766.0
35,117,8,5.0,5.0,522.0
36,117,8,6.0,2.0,727.0
53,117,13,3.0,6.0,566.0
54,117,13,6.0,6.0,685.0
55,117,13,2.0,5.0,514.0
56,117,13,4.0,6.0,596.0
5,118,1,20.0,26.0,2758.0
6,118,1,27.0,23.0,3187.0
8,118,1,33.0,17.0,3770.0
7,118,1,20.0,28.0,2840.0
57,118,14,24.0,27.0,3378.0
58,118,14,25.0,23.0,2688.0
59,118,14,27.0,24.0,3126.0
60,118,14,18.0,26.0,2565.0
5,119,1,5.0,5.0,593.0
6,119,1,9.0,5.0,1094.0
8,119,1,8.0,3.0,1029.0
7,119,1,5.0,3.0,623.0
57,119,14,2.0,8.0,433.0
58,119,14,3.0,6.0,554.0
59,119,14,3.0,7.0,317.0
60,119,14,8.0,6.0,1001.0
5,120,1,22.0,17.0,2534.0
6,120,1,21.0,18.0,2573.0
8,120,1,18.0,11.0,2370.0
7,120,1,22.0,16.0,2568.0
57,120,14,15.0,15.0,1757.0
58,120,14,17.0,26.0,2396.0
59,120,14,18.0,21.0,2504.0
60,120,14,12.0,21.0,1941.0
5,121,1,12.0,17.0,1791.0
6,121,1,12.0,23.0,1969.0
8,121,1,17.0,17.0,2146.0
7,121,1,23.0,18.0,2874.0
57,121,14,23.0,15.0,2688.0
58,121,14,17.0,13.0,1828.0
59,121,14,19.0,21.0,2284.0
60,121,14,16.0,15.0,2069.0
5,122,1,4.0,5.0,714.0
6,122,1,5.0,2.0,673.0
8,122,1,8.0,3.0,573.0
7,122,1,8.0,4.0,1008.0
57,122,14,4.0,7.0,859.0
58,122,14,3.0,6.0,395.0
59,122,14,1.0,6.0,190.0
60,122,14,6.0,6.0,584.0
17,123,4,24.0,26.0,2375.0
18,123,4,24.0,20.0,3429.0
19,123,4,29.0,26.0,3379.0
20,123,4,24.0,17.0,2670.0
21,123,5,31.0,26.0,3122.0
22,123,5,17.0,25.0,2400.0
23,123,5,18.0,24.0,2343.0
24,123,5,23.0,26.0,2727.0
17,124,4,15.0,6.0,1438.0
18,124,4,10.0,6.0,1134.0
19,124,4,4.0,8.0,872.0
20,124,4,7.0,7.0,861.0
21,124,5,7.0,9.0,1100.0
22,124,5,7.0,10.0,1037.0
23,124,5,5.0,9.0,907.0
24,124,5,8.0,8.0,1149.0
17,125,4,20.0,19.0,2365.0
18,125,4,20.0,18.0,2624.0
19,125,4,24.0,24.0,3182.0
20,125,4,16.0,21.0,1631.0
21,125,5,25.0,21.0,3370.0
22,125,5,17.0,18.0,2591.0
23,125,5,13.0,19.0,1616.0
24,125,5,27.0,22.0,2908.0
17,126,4,31.0,34.0,3177.0
18,126,4,34.0,27.0,4504.0
19,126,4,32.0,28.0,4053.0
20,126,4,29.0,28.0,3125.0
21,126,5,31.0,32.0,3776.0
22,126,5,21.0,34.0,3136.0
23,126,5,36.0,28.0,3800.0
24,126,5,29.0,32.0,3173.0
17,127,4,1.0,7.0,344.0
18,127,4,5.0,6.0,809.0
19,127,4,4.0,6.0,545.0
20,127,4,2.0,6.0,220.0
21,127,5,7.0,4.0,716.0
22,127,5,5.0,3.0,497.0
23,127,5,2.0,3.0,489.0
24,127,5,11.0,2.0,1114.0
41,128,10,34.0,28.0,3480.0
42,128,10,21.0,23.0,2748.0
43,128,10,25.0,23.0,2819.0
44,128,10,23.0,27.0,2982.0
29,128,7,28.0,23.0,3797.0
30,128,7,28.0,24.0,2988.0
31,128,7,20.0,25.0,2686.0
32,128,7,25.0,31.0,3094.0
41,129,10,10.0,7.0,1205.0
42,129,10,5.0,8.0,742.0
43,129,10,5.0,7.0,740.0
44,129,10,8.0,6.0,947.0
29,129,7,7.0,8.0,959.0
30,129,7,6.0,8.0,1056.0
31,129,7,4.0,6.0,764.0
32,129,7,11.0,6.0,936.0
41,130,10,23.0,24.0,2772.0
42,130,10,24.0,20.0,2791.0
43,130,10,17.0,17.0,2237.0
44,130,10,12.0,19.0,1491.0
29,130,7,21.0,22.0,3057.0
30,130,7,24.0,19.0,2541.0
31,130,7,20.0,15.0,2242.0
32,130,7,15.0,20.0,2039.0
0,131,0,21.0,30.0,2721.0
2,131,0,29.0,27.0,3361.0
4,131,0,21.0,30.0,2721.0
1,131,0,29.0,26.0,3903.0
61,131,15,26.0,21.0,2719.0
62,131,15,25.0,25.0,2923.0
63,131,15,30.0,27.0,3938.0
64,131,15,32.0,27.0,3655.0
0,132,0,8.0,4.0,885.0
2,132,0,3.0,6.0,596.0
4,132,0,10.0,4.0,1045.0
1,132,0,6.0,6.0,759.0
61,132,15,8.0,7.0,1010.0
62,132,15,5.0,7.0,806.0
63,132,15,5.0,6.0,701.0
64,132,15,2.0,7.0,392.0
0,133,0,20.0,19.0,2235.0
2,133,0,19.0,20.0,2405.0
4,133,0,27.0,16.0,3034.0
1,133,0,16.0,13.0,2277.0
61,133,15,14.0,20.0,2133.0
62,133,15,17.0,21.0,2851.0
63,133,15,19.0,20.0,1978.0
64,133,15,18.0,21.0,2098.0
0,134,0,21.0,28.0,2960.0
2,134,0,30.0,26.0,3075.0
4,134,0,26.0,28.0,3332.0
1,134,0,20.0,24.0,2683.0
61,134,15,21.0,21.0,2926.0
62,134,15,30.0,25.0,3288.0
63,134,15,28.0,27.0,3193.0
64,134,15,27.0,24.0,2887.0
0,135,0,9.0,7.0,951.0
2,135,0,4.0,9.0,833.0
4,135,0,10.0,7.0,1045.0
1,135,0,10.0,6.0,1573.0
61,135,15,4.0,7.0,482.0
62,135,15,13.0,9.0,1418.0
63,135,15,5.0,8.0,1089.0
64,135,15,7.0,9.0,1258.0
45,136,11,25.0,24.0,3137.0
46,136,11,23.0,24.0,2800.0
47,136,11,27.0,29.0,2950.0
48,136,11,20.0,24.0,2230.0
53,136,13,27.0,28.0,3153.0
54,136,13,28.0,16.0,3523.0
55,136,13,17.0,30.0,2185.0
56,136,13,29.0,21.0,3156.0
45,137,11,,,
46,137,11,,,
47,137,11,,,
48,137,11,,,
53,137,13,,,
54,137,13,,,
55,137,13,,,
56,137,13,,,
45,138,11,15.0,16.0,2090.0
46,138,11,20.0,24.0,2676.0
47,138,11,24.0,20.0,2994.0
48,138,11,26.0,20.0,2850.0
53,138,13,25.0,26.0,3354.0
54,138,13,15.0,22.0,2045.0
55,138,13,18.0,21.0,2111.0
56,138,13,22.0,16.0,2494.0
45,139,11,19.0,17.0,2348.0
46,139,11,32.0,16.0,3363.0
47,139,11,26.0,19.0,2920.0
48,139,11,31.0,19.0,3750.0
53,139,13,19.0,26.0,2660.0
54,139,13,27.0,25.0,2908.0
55,139,13,14.0,33.0,1926.0
56,139,13,11.0,24.0,1699.0
37,140,9,26.0,17.0,3278.0
38,140,9,31.0,22.0,3782.0
39,140,9,33.0,20.0,3372.0
40,140,9,26.0,25.0,3121.0
13,140,3,17.0,32.0,2614.0
14,140,3,22.0,27.0,2614.0
15,140,3,24.0,29.0,2731.0
16,140,3,21.0,28.0,2881.0
37,141,9,7.0,3.0,1125.0
38,141,9,8.0,4.0,888.0
39,141,9,8.0,6.0,1164.0
40,141,9,4.0,4.0,397.0
13,141,3,6.0,7.0,895.0
14,141,3,5.0,7.0,1116.0
15,141,3,5.0,7.0,912.0
16,141,3,1.0,7.0,254.0
37,142,9,34.0,28.0,4421.0
38,142,9,35.0,26.0,4461.0
39,142,9,28.0,35.0,3402.0
40,142,9,27.0,31.0,3212.0
13,142,3,36.0,32.0,4004.0
14,142,3,24.0,27.0,3788.0
15,142,3,29.0,33.0,3807.0
16,142,3,31.0,32.0,3262.0
25,143,6,22.0,20.0,3068.0
26,143,6,30.0,25.0,3218.0
27,143,6,17.0,30.0,2783.0
28,143,6,25.0,26.0,2916.0
49,143,12,14.0,28.0,1955.0
50,143,12,29.0,22.0,3191.0
51,143,12,28.0,21.0,3300.0
52,143,12,30.0,23.0,3185.0
25,144,6,9.0,3.0,1168.0
26,144,6,4.0,5.0,503.0
27,144,6,5.0,3.0,887.0
28,144,6,7.0,6.0,794.0
49,144,12,5.0,6.0,637.0
50,144,12,4.0,7.0,535.0
51,144,12,2.0,7.0,780.0
52,144,12,6.0,5.0,727.0
25,145,6,32.0,21.0,3847.0
26,145,6,26.0,28.0,3435.0
27,145,6,24.0,22.0,2871.0
28,145,6,26.0,22.0,2785.0
49,145,12,24.0,28.0,2731.0
50,145,12,21.0,34.0,2417.0
51,145,12,25.0,26.0,3179.0
52,145,12,23.0,21.0,3393.0
11,146,2,19.0,21.0,2612.0
9,146,2,15.0,18.0,1896.0
12,146,2,16.0,17.0,1852.0
10,146,2,9.0,21.0,1656.0
33,146,8,12.0,11.0,1718.0
34,146,8,24.0,13.0,2615.0
35,146,8,17.0,18.0,2444.0
36,146,8,23.0,17.0,2419.0
11,147,2,6.0,8.0,865.0
9,147,2,6.0,8.0,947.0
12,147,2,5.0,8.0,788.0
10,147,2,8.0,5.0,980.0
33,147,8,6.0,6.0,874.0
34,147,8,7.0,8.0,899.0
35,147,8,13.0,6.0,1642.0
36,147,8,3.0,5.0,396.0
11,148,2,15.0,23.0,2312.0
9,148,2,19.0,20.0,2502.0
12,148,2,17.0,18.0,2304.0
10,148,2,28.0,18.0,2863.0
33,148,8,17.0,26.0,2437.0
34,148,8,18.0,16.0,2143.0
35,148,8,26.0,12.0,3026.0
36,148,8,18.0,25.0,2237.0
17,149,4,16.0,24.0,1669.0
18,149,4,18.0,25.0,2292.0
19,149,4,14.0,24.0,2311.0
20,149,4,26.0,23.0,2932.0
2,149,0,19.0,25.0,2529.0
4,149,0,34.0,13.0,3365.0
1,149,0,21.0,17.0,2212.0
3,149,0,22.0,19.0,2830.0
17,150,4,5.0,3.0,635.0
18,150,4,10.0,3.0,1219.0
19,150,4,6.0,3.0,715.0
20,150,4,4.0,4.0,429.0
2,150,0,5.0,6.0,1098.0
4,150,0,1.0,6.0,234.0
1,150,0,2.0,6.0,390.0
3,150,0,5.0,7.0,767.0
17,151,4,17.0,17.0,1935.0
18,151,4,25.0,13.0,2582.0
19,151,4,16.0,17.0,2385.0
20,151,4,23.0,16.0,2276.0
2,151,0,14.0,24.0,1301.0
4,151,0,21.0,20.0,2676.0
1,151,0,11.0,14.0,1301.0
3,151,0,17.0,23.0,1960.0
17,152,4,21.0,25.0,2425.0
18,152,4,24.0,26.0,2998.0
19,152,4,32.0,29.0,3336.0
20,152,4,15.0,28.0,2800.0
2,152,0,33.0,23.0,3305.0
4,152,0,25.0,25.0,3058.0
1,152,0,25.0,21.0,2906.0
3,152,0,25.0,23.0,3062.0
17,153,4,6.0,2.0,567.0
18,153,4,3.0,4.0,497.0
19,153,4,3.0,5.0,535.0
20,153,4,11.0,2.0,962.0
2,153,0,5.0,6.0,630.0
4,153,0,2.0,6.0,286.0
1,153,0,2.0,6.0,353.0
3,153,0,4.0,6.0,400.0
21,154,5,24.0,29.0,2788.0
22,154,5,23.0,22.0,2812.0
23,154,5,24.0,25.0,2540.0
24,154,5,28.0,23.0,3198.0
61,154,15,20.0,24.0,3667.0
62,154,15,20.0,21.0,2343.0
63,154,15,30.0,29.0,3228.0
64,154,15,29.0,25.0,3225.0
21,155,5,6.0,8.0,1059.0
22,155,5,5.0,8.0,639.0
23,155,5,6.0,6.0,497.0
24,155,5,3.0,9.0,742.0
61,155,15,6.0,7.0,827.0
62,155,15,6.0,5.0,927.0
63,155,15,10.0,5.0,1188.0
64,155,15,9.0,3.0,762.0
21,156,5,28.0,21.0,3263.0
22,156,5,19.0,27.0,2323.0
23,156,5,20.0,21.0,3009.0
24,156,5,34.0,23.0,3834.0
61,156,15,15.0,29.0,2298.0
62,156,15,25.0,23.0,2780.0
63,156,15,28.0,20.0,3413.0
64,156,15,24.0,29.0,2890.0
21,157,5,23.0,25.0,3095.0
22,157,5,30.0,26.0,3140.0
23,157,5,25.0,25.0,3251.0
24,157,5,18.0,25.0,2562.0
61,157,15,27.0,26.0,3055.0
62,157,15,32.0,20.0,4009.0
63,157,15,26.0,28.0,3200.0
64,157,15,16.0,22.0,2385.0
41,158,10,25.0,27.0,2909.0
42,158,10,25.0,21.0,2952.0
43,158,10,27.0,19.0,3068.0
44,158,10,22.0,23.0,3095.0
57,158,14,29.0,25.0,3592.0
58,158,14,25.0,25.0,2710.0
59,158,14,24.0,26.0,2316.0
60,158,14,12.0,23.0,2246.0
41,159,10,4.0,7.0,519.0
42,159,10,3.0,6.0,528.0
43,159,10,5.0,6.0,789.0
44,159,10,2.0,7.0,417.0
57,159,14,9.0,3.0,1298.0
58,159,14,6.0,5.0,646.0
59,159,14,4.0,4.0,385.0
60,159,14,7.0,2.0,995.0
41,160,10,23.0,23.0,2528.0
42,160,10,17.0,12.0,2182.0
43,160,10,18.0,21.0,1988.0
44,160,10,17.0,21.0,2475.0
57,160,14,25.0,17.0,2776.0
58,160,14,14.0,23.0,2245.0
59,160,14,23.0,21.0,2764.0
60,160,14,15.0,14.0,1762.0
41,161,10,20.0,22.0,2208.0
42,161,10,24.0,18.0,3003.0
43,161,10,17.0,21.0,2733.0
44,161,10,24.0,14.0,2370.0
57,161,14,21.0,22.0,2838.0
58,161,14,16.0,21.0,2040.0
59,161,14,17.0,20.0,2367.0
60,161,14,21.0,22.0,2415.0
41,162,10,1.0,7.0,433.0
42,162,10,4.0,7.0,529.0
43,162,10,6.0,5.0,652.0
44,162,10,3.0,6.0,583.0
57,162,14,4.0,4.0,692.0
58,162,14,7.0,5.0,687.0
59,162,14,8.0,4.0,787.0
60,162,14,6.0,1.0,1049.0
29,163,7,33.0,24.0,3991.0
30,163,7,30.0,27.0,3333.0
31,163,7,23.0,24.0,2726.0
32,163,7,17.0,27.0,2271.0
5,163,1,27.0,25.0,3114.0
6,163,1,31.0,30.0,3309.0
8,163,1,17.0,20.0,2538.0
7,163,1,27.0,28.0,3287.0
29,164,7,4.0,6.0,664.0
30,164,7,9.0,4.0,914.0
31,164,7,4.0,6.0,626.0
32,164,7,5.0,8.0,573.0
5,164,1,8.0,4.0,827.0
6,164,1,5.0,7.0,412.0
8,164,1,3.0,6.0,867.0
7,164,1,8.0,5.0,957.0
29,165,7,27.0,30.0,3665.0
30,165,7,30.0,21.0,3426.0
31,165,7,11.0,23.0,1679.0
32,165,7,15.0,20.0,1916.0
5,165,1,23.0,21.0,3017.0
6,165,1,21.0,25.0,2738.0
8,165,1,25.0,20.0,2576.0
7,165,1,25.0,18.0,2986.0
45,166,11,22.0,18.0,2818.0
46,166,11,18.0,22.0,2530.0
47,166,11,22.0,24.0,2350.0
48,166,11,18.0,20.0,2456.0
11,166,2,17.0,13.0,1908.0
9,166,2,19.0,25.0,2370.0
12,166,2,15.0,21.0,2713.0
10,166,2,33.0,22.0,2370.0
45,167,11,11.0,6.0,1038.0
46,167,11,12.0,5.0,1504.0
47,167,11,3.0,8.0,512.0
48,167,11,7.0,8.0,1293.0
11,167,2,7.0,7.0,947.0
9,167,2,5.0,8.0,458.0
12,167,2,10.0,9.0,1556.0
10,167,2,5.0,9.0,972.0
45,168,11,28.0,17.0,3654.0
46,168,11,19.0,22.0,2110.0
47,168,11,26.0,23.0,3337.0
48,168,11,19.0,21.0,2108.0
11,168,2,18.0,24.0,2326.0
9,168,2,27.0,26.0,3352.0
12,168,2,19.0,18.0,2825.0
10,168,2,19.0,24.0,2829.0
45,169,11,12.0,17.0,1684.0
46,169,11,14.0,18.0,1791.0
47,169,11,17.0,23.0,2188.0
48,169,11,12.0,21.0,1600.0
11,169,2,17.0,13.0,2135.0
9,169,2,24.0,13.0,2700.0
12,169,2,20.0,12.0,2364.0
10,169,2,18.0,17.0,2333.0
45,170,11,11.0,2.0,924.0
46,170,11,6.0,2.0,607.0
47,170,11,4.0,3.0,649.0
48,170,11,4.0,5.0,679.0
11,170,2,2.0,6.0,243.0
9,170,2,4.0,6.0,511.0
12,170,2,4.0,7.0,516.0
10,170,2,2.0,6.0,526.0
17,171,4,20.0,23.0,2175.0
18,171,4,19.0,19.0,2222.0
19,171,4,19.0,21.0,2548.0
20,171,4,11.0,21.0,1672.0
61,171,15,17.0,18.0,2161.0
62,171,15,26.0,17.0,2431.0
63,171,15,17.0,18.0,2766.0
64,171,15,24.0,16.0,2718.0
17,172,4,10.0,6.0,994.0
18,172,4,10.0,4.0,1511.0
19,172,4,3.0,8.0,341.0
20,172,4,4.0,7.0,410.0
61,172,15,11.0,7.0,1304.0
62,172,15,6.0,7.0,819.0
63,172,15,2.0,6.0,253.0
64,172,15,6.0,7.0,685.0
17,173,4,25.0,27.0,3269.0
18,173,4,26.0,31.0,3845.0
19,173,4,26.0,25.0,3986.0
20,173,4,27.0,22.0,2926.0
61,173,15,31.0,25.0,3208.0
62,173,15,25.0,25.0,3289.0
63,173,15,27.0,28.0,2875.0
64,173,15,22.0,27.0,2893.0
17,174,4,28.0,29.0,3062.0
18,174,4,31.0,24.0,4154.0
19,174,4,25.0,29.0,2602.0
20,174,4,18.0,25.0,2611.0
61,174,15,21.0,21.0,2676.0
62,174,15,28.0,20.0,3417.0
63,174,15,31.0,29.0,4162.0
64,174,15,27.0,32.0,3228.0
17,175,4,9.0,3.0,739.0
18,175,4,4.0,6.0,768.0
19,175,4,10.0,4.0,1225.0
20,175,4,7.0,3.0,671.0
61,175,15,4.0,8.0,604.0
62,175,15,7.0,7.0,880.0
63,175,15,3.0,7.0,577.0
64,175,15,2.0,8.0,431.0
25,176,6,23.0,18.0,2479.0
26,176,6,19.0,30.0,2599.0
27,176,6,17.0,28.0,2657.0
28,176,6,24.0,22.0,2735.0
13,176,3,30.0,21.0,3451.0
14,176,3,23.0,22.0,2660.0
15,176,3,23.0,19.0,2770.0
16,176,3,21.0,21.0,2613.0
25,177,6,11.0,7.0,1488.0
26,177,6,11.0,7.0,1261.0
27,177,6,7.0,8.0,991.0
28,177,6,6.0,7.0,843.0
13,177,3,7.0,10.0,911.0
14,177,3,10.0,8.0,1429.0
15,177,3,6.0,9.0,558.0
16,177,3,6.0,8.0,909.0
25,178,6,13.0,20.0,1888.0
26,178,6,12.0,27.0,1839.0
27,178,6,23.0,16.0,2703.0
28,178,6,17.0,17.0,1608.0
13,178,3,23.0,16.0,2452.0
14,178,3,18.0,11.0,2074.0
15,178,3,23.0,23.0,2925.0
16,178,3,16.0,15.0,2196.0
25,179,6,19.0,22.0,2544.0
26,179,6,15.0,28.0,2215.0
27,179,6,24.0,24.0,2886.0
28,179,6,24.0,25.0,2728.0
13,179,3,16.0,22.0,1987.0
14,179,3,34.0,16.0,3495.0
15,179,3,28.0,22.0,3168.0
16,179,3,21.0,22.0,3043.0
57,180,14,18.0,22.0,2047.0
58,180,14,17.0,25.0,1844.0
59,180,14,16.0,21.0,1900.0
60,180,14,15.0,23.0,2146.0
29,180,7,31.0,18.0,3618.0
30,180,7,26.0,12.0,2489.0
31,180,7,17.0,17.0,2102.0
32,180,7,17.0,19.0,2174.0
57,181,14,7.0,8.0,916.0
58,181,14,5.0,7.0,634.0
59,181,14,4.0,8.0,826.0
60,181,14,5.0,8.0,739.0
29,181,7,9.0,4.0,946.0
30,181,7,13.0,7.0,1518.0
31,181,7,5.0,5.0,756.0
32,181,7,4.0,5.0,618.0
57,182,14,24.0,23.0,2799.0
58,182,14,13.0,21.0,1642.0
59,182,14,15.0,20.0,1742.0
60,182,14,13.0,21.0,1954.0
29,182,7,21.0,14.0,2446.0
30,182,7,23.0,18.0,2684.0
31,182,7,21.0,16.0,2345.0
32,182,7,20.0,17.0,2425.0
33,183,8,24.0,14.0,2452.0
34,183,8,15.0,22.0,2037.0
35,183,8,24.0,20.0,2473.0
36,183,8,26.0,20.0,3132.0
13,183,3,23.0,21.0,2562.0
14,183,3,18.0,22.0,1997.0
15,183,3,14.0,25.0,2066.0
16,183,3,21.0,21.0,2726.0
33,184,8,8.0,3.0,1145.0
34,184,8,5.0,5.0,481.0
35,184,8,10.0,5.0,1196.0
36,184,8,6.0,6.0,1040.0
13,184,3,7.0,7.0,981.0
14,184,3,4.0,9.0,684.0
15,184,3,5.0,7.0,566.0
16,184,3,3.0,6.0,407.0
33,185,8,16.0,19.0,2218.0
34,185,8,26.0,21.0,2735.0
35,185,8,19.0,22.0,2367.0
36,185,8,22.0,27.0,2871.0
13,185,3,20.0,20.0,2680.0
14,185,3,18.0,22.0,2279.0
15,185,3,25.0,22.0,2787.0
16,185,3,26.0,19.0,2738.0
33,186,8,22.0,17.0,2416.0
34,186,8,20.0,26.0,2484.0
35,186,8,20.0,25.0,2980.0
36,186,8,26.0,21.0,3252.0
13,186,3,28.0,23.0,3224.0
14,186,3,19.0,17.0,2188.0
15,186,3,20.0,24.0,2485.0
16,186,3,22.0,24.0,2650.0
5,187,1,26.0,31.0,3348.0
6,187,1,23.0,35.0,2619.0
8,187,1,28.0,27.0,3239.0
7,187,1,36.0,30.0,4481.0
17,187,4,33.0,30.0,3523.0
18,187,4,38.0,26.0,4525.0
19,187,4,23.0,32.0,3229.0
20,187,4,29.0,25.0,3294.0
5,188,1,2.0,9.0,672.0
6,188,1,15.0,7.0,1682.0
8,188,1,12.0,7.0,1264.0
7,188,1,6.0,6.0,668.0
17,188,4,10.0,9.0,1089.0
18,188,4,7.0,9.0,870.0
19,188,4,5.0,10.0,736.0
20,188,4,7.0,7.0,1069.0
5,189,1,19.0,18.0,2368.0
6,189,1,29.0,18.0,3319.0
8,189,1,17.0,15.0,1949.0
7,189,1,21.0,19.0,2559.0
17,189,4,17.0,27.0,2295.0
18,189,4,23.0,19.0,2698.0
19,189,4,12.0,22.0,1558.0
20,189,4,18.0,18.0,2061.0
5,190,1,22.0,22.0,2495.0
6,190,1,27.0,24.0,3307.0
8,190,1,25.0,19.0,2945.0
7,190,1,16.0,22.0,2050.0
17,190,4,23.0,23.0,2473.0
18,190,4,21.0,24.0,2509.0
19,190,4,20.0,23.0,2753.0
20,190,4,23.0,20.0,2861.0
37,191,9,17.0,18.0,2497.0
38,191,9,17.0,18.0,2331.0
39,191,9,26.0,27.0,3036.0
40,191,9,19.0,22.0,2357.0
45,191,11,24.0,20.0,3140.0
46,191,11,18.0,24.0,2059.0
47,191,11,21.0,22.0,2868.0
48,191,11,22.0,13.0,2374.0
37,192,9,9.0,3.0,989.0
38,192,9,3.0,2.0,295.0
39,192,9,4.0,5.0,578.0
40,192,9,6.0,4.0,679.0
45,192,11,4.0,6.0,744.0
46,192,11,6.0,5.0,813.0
47,192,11,2.0,6.0,394.0
48,192,11,2.0,5.0,456.0
37,193,9,15.0,8.0,1418.0
38,193,9,16.0,12.0,2083.0
39,193,9,17.0,18.0,2089.0
40,193,9,18.0,14.0,1952.0
45,193,11,12.0,16.0,1832.0
46,193,11,16.0,18.0,1874.0
47,193,11,18.0,16.0,2017.0
48,193,11,6.0,16.0,1044.0
37,194,9,24.0,11.0,2807.0
38,194,9,25.0,20.0,2625.0
39,194,9,22.0,19.0,2311.0
40,194,9,28.0,18.0,3002.0
45,194,11,14.0,23.0,2011.0
46,194,11,23.0,23.0,2576.0
47,194,11,11.0,30.0,2024.0
48,194,11,20.0,23.0,2425.0
21,195,5,20.0,26.0,2457.0
22,195,5,26.0,24.0,2511.0
23,195,5,29.0,23.0,2978.0
24,195,5,13.0,28.0,2416.0
29,195,7,29.0,21.0,3506.0
30,195,7,22.0,24.0,2608.0
31,195,7,24.0,20.0,2421.0
32,195,7,26.0,23.0,2649.0
21,196,5,5.0,4.0,703.0
22,196,5,5.0,3.0,527.0
23,196,5,9.0,1.0,880.0
24,196,5,7.0,3.0,761.0
29,196,7,4.0,7.0,584.0
30,196,7,2.0,7.0,376.0
31,196,7,2.0,6.0,638.0
32,196,7,3.0,6.0,399.0
21,197,5,27.0,29.0,3201.0
22,197,5,18.0,30.0,2433.0
23,197,5,18.0,25.0,1857.0
24,197,5,33.0,31.0,3795.0
29,197,7,38.0,27.0,4110.0
30,197,7,25.0,24.0,2774.0
31,197,7,25.0,25.0,3379.0
32,197,7,27.0,20.0,3143.0
21,198,5,21.0,29.0,3154.0
22,198,5,22.0,25.0,2372.0
23,198,5,26.0,27.0,3214.0
24,198,5,22.0,28.0,2541.0
29,198,7,24.0,19.0,3251.0
30,198,7,30.0,23.0,3502.0
31,198,7,24.0,24.0,3046.0
32,198,7,31.0,25.0,3632.0
13,199,3,23.0,15.0,2397.0
14,199,3,23.0,16.0,2789.0
15,199,3,24.0,16.0,2655.0
16,199,3,16.0,16.0,2465.0
17,199,4,20.0,24.0,2287.0
18,199,4,17.0,20.0,2058.0
19,199,4,14.0,19.0,2224.0
20,199,4,12.0,23.0,2059.0
13,200,3,5.0,7.0,606.0
14,200,3,2.0,7.0,403.0
15,200,3,4.0,6.0,520.0
16,200,3,3.0,7.0,586.0
17,200,4,5.0,4.0,564.0
18,200,4,8.0,3.0,925.0
19,200,4,4.0,4.0,643.0
20,200,4,10.0,3.0,1161.0
13,201,3,15.0,24.0,2117.0
14,201,3,16.0,21.0,2097.0
15,201,3,18.0,23.0,2058.0
16,201,3,24.0,22.0,3270.0
17,201,4,22.0,15.0,2471.0
18,201,4,31.0,17.0,3195.0
19,201,4,19.0,23.0,2646.0
20,201,4,18.0,18.0,2558.0
13,202,3,31.0,19.0,3461.0
14,202,3,19.0,17.0,2548.0
15,202,3,20.0,26.0,3016.0
16,202,3,21.0,17.0,1985.0
17,202,4,25.0,23.0,2679.0
18,202,4,19.0,19.0,2269.0
19,202,4,16.0,28.0,2483.0
20,202,4,19.0,21.0,2383.0
13,203,3,12.0,8.0,1441.0
14,203,3,6.0,8.0,817.0
15,203,3,6.0,9.0,661.0
16,203,3,4.0,9.0,748.0
17,203,4,6.0,9.0,981.0
18,203,4,11.0,6.0,1269.0
19,203,4,10.0,7.0,1358.0
20,203,4,7.0,6.0,680.0
45,204,11,29.0,27.0,3355.0
46,204,11,30.0,30.0,3589.0
47,204,11,29.0,30.0,3394.0
48,204,11,14.0,28.0,2270.0
21,204,5,26.0,26.0,2757.0
22,204,5,27.0,28.0,3377.0
23,204,5,32.0,21.0,3442.0
24,204,5,30.0,27.0,3658.0
45,205,11,2.0,8.0,308.0
46,205,11,7.0,8.0,867.0
47,205,11,5.0,8.0,923.0
48,205,11,9.0,6.0,1128.0
21,205,5,12.0,5.0,1528.0
22,205,5,4.0,7.0,666.0
23,205,5,6.0,5.0,668.0
24,205,5,8.0,6.0,835.0
45,206,11,22.0,20.0,2780.0
46,206,11,18.0,16.0,2200.0
47,206,11,13.0,21.0,1941.0
48,206,11,12.0,22.0,1702.0
21,206,5,16.0,20.0,2073.0
22,206,5,24.0,14.0,2447.0
23,206,5,18.0,13.0,2184.0
24,206,5,21.0,18.0,2935.0
5,207,1,22.0,23.0,2776.0
6,207,1,25.0,22.0,2767.0
8,207,1,18.0,13.0,2552.0
7,207,1,25.0,22.0,3028.0
33,207,8,18.0,20.0,2211.0
34,207,8,21.0,19.0,2045.0
35,207,8,20.0,27.0,2823.0
36,207,8,21.0,24.0,2630.0
5,208,1,5.0,5.0,909.0
6,208,1,13.0,6.0,1220.0
8,208,1,3.0,5.0,447.0
7,208,1,7.0,3.0,701.0
33,208,8,11.0,6.0,1174.0
34,208,8,4.0,7.0,390.0
35,208,8,3.0,7.0,670.0
36,208,8,1.0,8.0,469.0
5,209,1,15.0,23.0,2452.0
6,209,1,16.0,31.0,2342.0
8,209,1,24.0,18.0,2750.0
7,209,1,30.0,27.0,3492.0
33,209,8,23.0,14.0,2713.0
34,209,8,27.0,24.0,3452.0
35,209,8,27.0,27.0,3067.0
36,209,8,22.0,20.0,2817.0
5,210,1,23.0,19.0,2327.0
6,210,1,14.0,23.0,1828.0
8,210,1,23.0,12.0,2669.0
7,210,1,23.0,16.0,2890.0
33,210,8,18.0,15.0,2297.0
34,210,8,21.0,23.0,2339.0
35,210,8,18.0,22.0,2416.0
36,210,8,13.0,23.0,1597.0
37,211,9,26.0,16.0,2637.0
38,211,9,18.0,21.0,2425.0
39,211,9,22.0,19.0,2780.0
40,211,9,22.0,19.0,2597.0
29,211,7,15.0,22.0,2503.0
30,211,7,12.0,22.0,1551.0
31,211,7,19.0,20.0,2126.0
32,211,7,29.0,24.0,3599.0
37,212,9,7.0,6.0,1016.0
38,212,9,2.0,8.0,625.0
39,212,9,3.0,7.0,782.0
40,212,9,6.0,7.0,568.0
29,212,7,8.0,5.0,1138.0
30,212,7,10.0,5.0,983.0
31,212,7,7.0,2.0,867.0
32,212,7,3.0,6.0,758.0
37,213,9,25.0,25.0,3151.0
38,213,9,20.0,26.0,2861.0
39,213,9,27.0,33.0,3214.0
40,213,9,29.0,26.0,3408.0
29,213,7,31.0,24.0,3928.0
30,213,7,32.0,23.0,3199.0
31,213,7,23.0,27.0,3375.0
32,213,7,24.0,27.0,3118.0
37,214,9,25.0,22.0,2992.0
38,214,9,25.0,26.0,3396.0
39,214,9,28.0,27.0,2781.0
40,214,9,21.0,21.0,2541.0
29,214,7,24.0,27.0,3346.0
30,214,7,30.0,19.0,3102.0
31,214,7,22.0,27.0,3011.0
32,214,7,20.0,26.0,2191.0
33,215,8,21.0,14.0,2482.0
34,215,8,22.0,19.0,2670.0
35,215,8,19.0,29.0,3100.0
36,215,8,25.0,21.0,2478.0
21,215,5,18.0,22.0,2202.0
22,215,5,21.0,24.0,2982.0
23,215,5,16.0,18.0,1831.0
24,215,5,28.0,23.0,3494.0
33,216,8,12.0,6.0,1243.0
34,216,8,10.0,7.0,854.0
35,216,8,5.0,6.0,1184.0
36,216,8,6.0,7.0,771.0
21,216,5,8.0,9.0,1003.0
22,216,5,5.0,9.0,721.0
23,216,5,9.0,7.0,1058.0
24,216,5,4.0,8.0,669.0
33,217,8,22.0,13.0,2446.0
34,217,8,28.0,18.0,3170.0
35,217,8,31.0,23.0,3878.0
36,217,8,22.0,20.0,2451.0
21,217,5,19.0,26.0,2730.0
22,217,5,18.0,25.0,2120.0
23,217,5,16.0,25.0,2374.0
24,217,5,21.0,27.0,2705.0
33,218,8,17.0,21.0,2270.0
34,218,8,21.0,24.0,2651.0
35,218,8,40.0,23.0,4579.0
36,218,8,34.0,31.0,3876.0
21,218,5,25.0,26.0,3274.0
22,218,5,22.0,30.0,2366.0
23,218,5,26.0,24.0,2963.0
24,218,5,26.0,32.0,3465.0
17,219,4,21.0,23.0,2320.0
18,219,4,21.0,25.0,3235.0
19,219,4,16.0,33.0,2512.0
20,219,4,19.0,14.0,1842.0
37,219,9,22.0,17.0,2633.0
38,219,9,28.0,14.0,3604.0
39,219,9,17.0,25.0,2003.0
40,219,9,28.0,21.0,2776.0
17,220,4,4.0,6.0,626.0
18,220,4,6.0,7.0,1070.0
19,220,4,12.0,6.0,1296.0
20,220,4,9.0,6.0,1129.0
37,220,9,3.0,9.0,592.0
38,220,9,4.0,7.0,815.0
39,220,9,10.0,7.0,1196.0
40,220,9,8.0,8.0,1031.0
17,221,4,9.0,18.0,1200.0
18,221,4,12.0,19.0,1612.0
19,221,4,11.0,16.0,1319.0
20,221,4,12.0,14.0,1894.0
37,221,9,12.0,9.0,1609.0
38,221,9,15.0,11.0,1993.0
39,221,9,21.0,9.0,1937.0
40,221,9,19.0,15.0,2436.0
17,222,4,21.0,27.0,2417.0
18,222,4,20.0,29.0,3025.0
19,222,4,25.0,24.0,2702.0
20,222,4,27.0,22.0,3016.0
37,222,9,22.0,17.0,3116.0
38,222,9,25.0,21.0,2545.0
39,222,9,23.0,30.0,2771.0
40,222,9,32.0,25.0,3711.0
5,223,1,25.0,30.0,2831.0
6,223,1,22.0,31.0,2562.0
8,223,1,29.0,22.0,3367.0
7,223,1,23.0,26.0,3184.0
29,223,7,21.0,28.0,3268.0
30,223,7,37.0,23.0,4050.0
31,223,7,18.0,25.0,2553.0
32,223,7,33.0,24.0,3625.0
5,224,1,6.0,3.0,929.0
6,224,1,8.0,5.0,1024.0
8,224,1,4.0,2.0,479.0
7,224,1,6.0,5.0,919.0
29,224,7,2.0,6.0,273.0
30,224,7,7.0,5.0,831.0
31,224,7,3.0,7.0,474.0
32,224,7,3.0,6.0,480.0
5,225,1,31.0,23.0,3466.0
6,225,1,30.0,26.0,3134.0
8,225,1,14.0,21.0,2183.0
7,225,1,22.0,27.0,2659.0
29,225,7,25.0,31.0,3426.0
30,225,7,29.0,24.0,3407.0
31,225,7,14.0,16.0,2007.0
32,225,7,29.0,26.0,3001.0
5,226,1,36.0,27.0,3780.0
6,226,1,28.0,30.0,2919.0
8,226,1,25.0,23.0,3126.0
7,226,1,22.0,29.0,2955.0
29,226,7,32.0,25.0,4431.0
30,226,7,24.0,32.0,2700.0
31,226,7,19.0,29.0,2305.0
32,226,7,34.0,25.0,4120.0
5,227,1,3.0,8.0,384.0
6,227,1,8.0,7.0,829.0
8,227,1,5.0,7.0,692.0
7,227,1,4.0,8.0,721.0
29,227,7,12.0,4.0,1450.0
30,227,7,10.0,6.0,799.0
31,227,7,2.0,6.0,580.0
32,227,7,6.0,4.0,858.0
37,228,9,27.0,20.0,2927.0
38,228,9,19.0,26.0,2713.0
39,228,9,21.0,28.0,2626.0
40,228,9,27.0,23.0,3088.0
33,228,8,18.0,19.0,2759.0
34,228,8,24.0,21.0,2456.0
35,228,8,25.0,26.0,3256.0
36,228,8,30.0,28.0,3136.0
37,229,9,9.0,6.0,967.0
38,229,9,5.0,5.0,676.0
39,229,9,13.0,4.0,1600.0
40,229,9,3.0,6.0,393.0
33,229,8,2.0,8.0,664.0
34,229,8,2.0,7.0,293.0
35,229,8,6.0,8.0,833.0
36,229,8,11.0,7.0,1474.0
37,230,9,12.0,17.0,1974.0
38,230,9,23.0,19.0,2847.0
39,230,9,21.0,17.0,2198.0
40,230,9,21.0,22.0,2636.0
33,230,8,14.0,20.0,1861.0
34,230,8,15.0,25.0,2355.0
35,230,8,25.0,14.0,2854.0
36,230,8,21.0,18.0,2652.0
37,231,9,18.0,18.0,2176.0
38,231,9,16.0,17.0,2335.0
39,231,9,13.0,24.0,2036.0
40,231,9,13.0,15.0,1539.0
33,231,8,16.0,12.0,1741.0
34,231,8,14.0,16.0,1512.0
35,231,8,24.0,12.0,2906.0
36,231,8,20.0,20.0,2495.0
37,232,9,7.0,4.0,910.0
38,232,9,9.0,3.0,931.0
39,232,9,6.0,4.0,879.0
40,232,9,5.0,5.0,787.0
33,232,8,3.0,7.0,530.0
34,232,8,6.0,8.0,871.0
35,232,8,1.0,6.0,185.0
36,232,8,6.0,6.0,830.0
5,233,1,15.0,21.0,2288.0
6,233,1,14.0,29.0,1966.0
8,233,1,23.0,22.0,2714.0
7,233,1,27.0,25.0,2812.0
37,233,9,25.0,19.0,2744.0
38,233,9,17.0,20.0,2073.0
39,233,9,28.0,22.0,3383.0
40,233,9,27.0,18.0,3094.0
5,234,1,6.0,8.0,776.0
6,234,1,15.0,5.0,1775.0
8,234,1,8.0,5.0,795.0
7,234,1,6.0,8.0,809.0
37,234,9,8.0,9.0,1008.0
38,234,9,8.0,9.0,1093.0
39,234,9,3.0,9.0,687.0
40,234,9,7.0,8.0,755.0
5,235,1,7.0,14.0,1420.0
6,235,1,12.0,14.0,1521.0
8,235,1,14.0,14.0,1621.0
7,235,1,13.0,13.0,1846.0
37,235,9,10.0,10.0,1284.0
38,235,9,15.0,13.0,1882.0
39,235,9,8.0,10.0,950.0
40,235,9,22.0,13.0,2489.0
5,236,1,17.0,32.0,2213.0
6,236,1,35.0,31.0,4170.0
8,236,1,24.0,21.0,3402.0
7,236,1,26.0,28.0,3437.0
37,236,9,18.0,20.0,1956.0
38,236,9,31.0,23.0,3489.0
39,236,9,30.0,28.0,3834.0
40,236,9,33.0,31.0,3962.0
29,237,7,23.0,23.0,2909.0
30,237,7,18.0,22.0,2386.0
31,237,7,30.0,17.0,3446.0
32,237,7,22.0,24.0,2724.0
37,237,9,19.0,19.0,2755.0
38,237,9,20.0,28.0,2314.0
39,237,9,27.0,24.0,3167.0
40,237,9,20.0,22.0,2656.0
29,238,7,7.0,7.0,967.0
30,238,7,6.0,7.0,996.0
31,238,7,7.0,8.0,1054.0
32,238,7,5.0,7.0,657.0
37,238,9,4.0,5.0,709.0
38,238,9,7.0,7.0,907.0
39,238,9,9.0,6.0,1436.0
40,238,9,9.0,7.0,771.0
29,239,7,23.0,23.0,3198.0
30,239,7,26.0,18.0,2687.0
31,239,7,11.0,21.0,2064.0
32,239,7,26.0,21.0,2957.0
37,239,9,17.0,19.0,2492.0
38,239,9,14.0,18.0,2186.0
39,239,9,29.0,24.0,2958.0
40,239,9,23.0,25.0,2788.0
29,240,7,28.0,24.0,2881.0
30,240,7,21.0,24.0,2709.0
31,240,7,18.0,20.0,2684.0
32,240,7,12.0,26.0,2248.0
37,240,9,26.0,15.0,2823.0
38,240,9,17.0,18.0,2229.0
39,240,9,24.0,27.0,2936.0
40,240,9,27.0,19.0,3238.0
29,241,7,7.0,7.0,904.0
30,241,7,1.0,7.0,211.0
31,241,7,5.0,6.0,835.0
32,241,7,5.0,7.0,936.0
37,241,9,7.0,5.0,672.0
38,241,9,7.0,3.0,1093.0
39,241,9,4.0,6.0,590.0
40,241,9,9.0,4.0,866.0
33,242,8,28,20,3449
34,242,8,25,18,2885
35,242,8,28,24,3126
36,242,8,22,29,2846
41,242,10,30,29,3218
42,242,10,22,24,2729
65,242,10,19,24,2629
43,242,10,20,26,2376
33,243,8,6,8,529
34,243,8,7,7,734
35,243,8,10,7,1398
36,243,8,3,8,586
41,243,10,17,6,1807
42,243,10,6,7,730
65,243,10,3,7,704
43,243,10,4,6,665
33,244,8,22,24,2536
34,244,8,35,24,3809
35,244,8,34,21,4083
36,244,8,26,26,3570
41,244,10,22,32,2661
42,244,10,20,29,3202
65,244,10,24,19,3068
43,244,10,29,37,3673
0,245,0,29,17,3122
2,245,0,26,20,3131
4,245,0,21,24,2707
1,245,0,21,18,2808
13,245,3,13,25,1595
14,245,3,20,21,2548
15,245,3,26,21,2689
16,245,3,20,30,3014
0,246,0,8,4,882
2,246,0,9,5,962
4,246,0,3,6,476
1,246,0,7,7,1123
13,246,3,5,6,701
14,246,3,9,6,998
15,246,3,3,7,615
16,246,3,5,8,708
0,247,0,17,10,2329
2,247,0,21,18,2493
4,247,0,16,14,2006
1,247,0,18,12,1992
13,247,3,18,18,2174
14,247,3,14,15,1967
15,247,3,13,19,1859
16,247,3,9,20,1466
17,248,4,15,29,2175
18,248,4,25,20,2932
19,248,4,25,24,3155
20,248,4,23,21,3239
29,248,7,25,23,3237
30,248,7,31,19,3773
31,248,7,17,22,2402
32,248,7,21,24,2399
17,249,4,8,4,843
18,249,4,7,4,1020
19,249,4,6,5,1085
20,249,4,8,4,695
29,249,7,3,8,464
30,249,7,3,7,456
31,249,7,6,7,912
32,249,7,5,7,743
17,250,4,17,20,2014
18,250,4,14,18,2074
19,250,4,21,21,2675
20,250,4,14,18,1990
29,250,7,16,18,2163
30,250,7,25,13,2663
31,250,7,22,17,2701
32,250,7,14,18,1680
17,251,4,19,27,2394
18,251,4,20,20,3072
19,251,4,28,22,3193
20,251,4,22,20,2624
29,251,7,29,22,3678
30,251,7,19,27,2619
31,251,7,23,19,2065
32,251,7,18,21,2531
17,252,4,5,8,558
18,252,4,8,6,1081
19,252,4,8,5,840
20,252,4,5,4,802
29,252,7,4,6,822
30,252,7,10,7,1053
31,252,7,5,7,903
32,252,7,4,6,730
45,253,11,21,16,2448
46,253,11,20,20,2635
47,253,11,22,27,2623
48,253,11,15,17,1911
25,253,6,18,20,2065
58,253,6,19,20,2044
59,253,6,26,21,3104
60,253,6,17,17,2995
45,254,11,13,4,1380
46,254,11,9,7,1201
47,254,11,6,8,737
48,254,11,6,9,930
25,254,6,4,11,929
58,254,6,5,8,811
59,254,6,11,7,938
60,254,6,8,8,998
45,255,11,31,21,4189
46,255,11,40,26,4309
47,255,11,23,26,2725
48,255,11,22,25,2477
25,255,6,22,29,2961
58,255,6,21,30,2950
59,255,6,26,33,3360
60,255,6,29,24,3482
45,256,11,21,21,2984
46,256,11,26,21,2607
47,256,11,21,22,2828
48,256,11,14,23,2101
25,256,6,18,18,2642
58,256,6,26,24,2976
59,256,6,26,21,2826
60,256,6,17,19,2487
45,257,11,6,1,554
46,257,11,5,2,544
47,257,11,4,4,590
48,257,11,8,5,1031
25,257,6,4,6,469
58,257,6,3,5,420
59,257,6,1,7,168
60,257,6,4,6,637
13,258,3,23,21,2865
14,258,3,20,21,2298
15,258,3,23,29,2772
16,258,3,30,29,3814
41,258,10,36,23,3992
42,258,10,19,23,2616
65,258,10,16,24,2086
43,258,10,29,26,3397
13,259,3,7,7,950
14,259,3,9,8,1339
15,259,3,10,5,1048
16,259,3,3,8,690
41,259,10,8,8,987
42,259,10,6,6,962
65,259,10,5,7,865
43,259,10,9,8,1169
13,260,3,34,17,3204
14,260,3,22,17,3330
15,260,3,21,20,2375
16,260,3,22,25,3165
41,260,10,26,27,3212
42,260,10,16,22,2069
65,260,10,22,22,2868
43,260,10,15,28,2240
13,261,3,23,14,2479
14,261,3,18,14,2126
15,261,3,13,14,1627
16,261,3,21,13,2006
41,261,10,14,20,1834
42,261,10,18,20,2102
65,261,10,8,17,1679
43,261,10,15,18,1811
13,262,3,12,4,1183
14,262,3,5,6,756
15,262,3,8,6,1198
16,262,3,6,6,1006
41,262,10,4,8,449
42,262,10,5,7,814
65,262,10,5,9,805
43,262,10,8,7,1417
5,263,1,19,14,2099
6,263,1,23,16,2669
8,263,1,19,19,2332
7,263,1,22,24,2877
29,263,7,18,19,2179
30,263,7,22,18,2502
31,263,7,12,23,2016
32,263,7,21,23,2870
5,264,1,7,3,1046
6,264,1,11,4,993
8,264,1,4,2,302
7,264,1,7,4,751
29,264,7,3,6,718
30,264,7,3,8,474
31,264,7,3,8,583
32,264,7,4,7,464
5,265,1,16,11,2061
6,265,1,19,15,2415
8,265,1,9,12,995
7,265,1,30,14,2838
29,265,7,14,19,1994
30,265,7,15,19,1655
31,265,7,11,15,1406
32,265,7,12,21,1553
21,266,5,25,21,2499
22,266,5,33,16,3468
23,266,5,19,17,2560
24,266,5,10,23,1960
37,266,9,10,19,1529
38,266,9,23,21,2749
39,266,9,19,24,2268
40,266,9,25,23,2720
21,267,5,9,6,1203
22,267,5,12,6,1613
23,267,5,6,6,895
24,267,5,7,7,868
37,267,9,1,10,342
38,267,9,9,8,1257
39,267,9,6,8,830
40,267,9,9,8,1079
21,268,5,17,24,2607
22,268,5,26,26,2652
23,268,5,24,24,3113
24,268,5,33,25,3683
37,268,9,20,26,3267
38,268,9,21,24,3160
39,268,9,33,23,3457
40,268,9,25,25,3289
21,269,5,27,26,2751
22,269,5,19,29,3272
23,269,5,21,25,3152
24,269,5,24,29,2987
37,269,9,30,22,3152
38,269,9,20,20,2810
39,269,9,26,25,3232
40,269,9,33,24,3779
33,270,8,20,13,2301
34,270,8,20,16,2452
35,270,8,21,11,2301
36,270,8,17,23,2781
45,270,11,19,18,2530
46,270,11,16,22,2070
47,270,11,18,20,1998
48,270,11,10,18,1469
33,271,8,2,6,295
34,271,8,3,6,467
35,271,8,5,7,586
36,271,8,1,6,339
45,271,11,5,1,742
46,271,11,8,3,954
47,271,11,4,4,603
48,271,11,8,3,846
33,272,8,13,11,1326
34,272,8,21,10,2308
35,272,8,15,8,1821
36,272,8,15,14,1812
45,272,11,12,13,1807
46,272,11,9,17,1362
47,272,11,7,20,1291
48,272,11,15,14,1384
33,273,8,24,17,2218
34,273,8,18,21,2334
35,273,8,26,16,3072
36,273,8,17,19,2615
45,273,11,13,22,1969
46,273,11,23,20,2627
47,273,11,16,28,2038
48,273,11,21,15,3014
11,274,2,23,11,2703
9,274,2,23,19,2835
28,274,2,26,20,2670
10,274,2,26,23,2928
0,274,0,21,18,2491
2,274,0,18,28,2206
4,274,0,16,27,1964
1,274,0,17,25,2396
11,275,2,10,7,1236
9,275,2,2,7,337
28,275,2,3,7,365
10,275,2,5,5,835
0,275,0,5,4,775
2,275,0,7,7,822
4,275,0,11,4,1033
1,275,0,3,5,713
11,276,2,17,21,1700
9,276,2,31,18,3100
28,276,2,25,21,2500
10,276,2,25,22,2500
0,276,0,15,24,1500
2,276,0,26,25,2600
4,276,0,17,30,1700
1,276,0,24,20,2400
11,277,2,23,27,3113
9,277,2,31,27,3287
28,277,2,33,29,3224
10,277,2,21,28,3331
0,277,0,25,21,2898
2,277,0,25,34,3795
4,277,0,36,29,3409
1,277,0,25,24,3786
11,278,2,7,4,734
9,278,2,7,6,996
28,278,2,8,6,842
10,278,2,5,6,758
0,278,0,6,6,885
2,278,0,13,7,1196
4,278,0,0,7,559
1,278,0,3,7,762
25,279,6,18,21,2610
58,279,6,24,23,2878
59,279,6,28,17,3223
60,279,6,23,16,2357
21,279,5,19,21,2703
22,279,5,18,24,2621
23,279,5,21,23,2370
24,279,5,19,25,2388
25,280,6,9,7,1368
58,280,6,9,6,973
59,280,6,6,5,895
60,280,6,7,5,976
21,280,5,7,7,1038
22,280,5,6,9,998
23,280,5,3,8,603
24,280,5,7,7,961
25,281,6,25,26,2852
58,281,6,27,32,3059
59,281,6,20,31,2766
60,281,6,18,24,2678
21,281,5,27,19,3176
22,281,5,28,25,3373
23,281,5,31,25,3639
24,281,5,27,21,3129
25,282,6,34,17,3925
58,282,6,24,29,3214
59,282,6,26,29,3343
60,282,6,22,25,2985
21,282,5,17,24,2435
22,282,5,34,29,3755
23,282,5,19,24,2911
24,282,5,30,29,3346
